{
  "model_type": "TF-IDF + Logistic Regression",
  "train_accuracy": 0.9970501474926253,
  "test_accuracy": 0.8588235294117647,
  "cv_mean": 0.8110924369747898,
  "cv_std": 0.0805923974354777,
  "training_samples": 339,
  "test_samples": 85,
  "features": 2000,
  "classes": [
    "OUTSIDE",
    "STUDENT"
  ]
}