{
  "model_type": "TF-IDF + Logistic Regression",
  "train_accuracy": 0.9969879518072289,
  "test_accuracy": 0.8554216867469879,
  "cv_mean": 0.7903614457831326,
  "cv_std": 0.10068714417241534,
  "training_samples": 332,
  "test_samples": 83,
  "features": 1953,
  "classes": [
    "OUTSIDE",
    "STUDENT"
  ]
}